combination_id,tweet_1,tweet_2
1,1,2
2,1,3
3,1,4
4,1,5
5,1,6
6,1,7
7,1,8
8,1,9
9,1,10
10,1,11
11,1,12
12,1,13
13,1,14
14,1,15
15,1,16
16,1,17
17,1,18
18,1,19
19,1,20
20,1,21
21,1,22
22,1,23
23,1,24
24,1,25
25,1,26
26,1,27
27,1,28
28,1,29
29,1,30
30,1,31
31,1,32
32,1,33
33,1,34
34,1,35
35,1,36
36,1,37
37,1,38
38,1,39
39,1,40
40,1,41
41,1,42
42,1,43
43,1,44
44,1,45
45,1,46
46,1,47
47,1,48
48,1,49
49,1,50
50,1,51
51,1,52
52,1,53
53,1,54
54,1,55
55,1,56
56,1,57
57,1,58
58,1,59
59,1,60
60,1,61
61,1,62
62,1,63
63,1,64
64,1,65
65,1,66
66,1,67
67,1,68
68,1,69
69,1,70
70,1,71
71,1,72
72,1,73
73,1,74
74,1,75
75,1,76
76,1,77
77,1,78
78,1,79
79,1,80
80,1,81
81,1,82
82,1,83
83,1,84
84,1,85
85,1,86
86,1,87
87,1,88
88,1,89
89,1,90
90,1,91
91,1,92
92,1,93
93,1,94
94,1,95
95,1,96
96,1,97
97,1,98
98,1,99
99,1,100
100,2,3
101,2,4
102,2,5
103,2,6
104,2,7
105,2,8
106,2,9
107,2,10
108,2,11
109,2,12
110,2,13
111,2,14
112,2,15
113,2,16
114,2,17
115,2,18
116,2,19
117,2,20
118,2,21
119,2,22
120,2,23
121,2,24
122,2,25
123,2,26
124,2,27
125,2,28
126,2,29
127,2,30
128,2,31
129,2,32
130,2,33
131,2,34
132,2,35
133,2,36
134,2,37
135,2,38
136,2,39
137,2,40
138,2,41
139,2,42
140,2,43
141,2,44
142,2,45
143,2,46
144,2,47
145,2,48
146,2,49
147,2,50
148,2,51
149,2,52
150,2,53
151,2,54
152,2,55
153,2,56
154,2,57
155,2,58
156,2,59
157,2,60
158,2,61
159,2,62
160,2,63
161,2,64
162,2,65
163,2,66
164,2,67
165,2,68
166,2,69
167,2,70
168,2,71
169,2,72
170,2,73
171,2,74
172,2,75
173,2,76
174,2,77
175,2,78
176,2,79
177,2,80
178,2,81
179,2,82
180,2,83
181,2,84
182,2,85
183,2,86
184,2,87
185,2,88
186,2,89
187,2,90
188,2,91
189,2,92
190,2,93
191,2,94
192,2,95
193,2,96
194,2,97
195,2,98
196,2,99
197,2,100
198,3,4
199,3,5
200,3,6
201,3,7
202,3,8
203,3,9
204,3,10
205,3,11
206,3,12
207,3,13
208,3,14
209,3,15
210,3,16
211,3,17
212,3,18
213,3,19
214,3,20
215,3,21
216,3,22
217,3,23
218,3,24
219,3,25
220,3,26
221,3,27
222,3,28
223,3,29
224,3,30
225,3,31
226,3,32
227,3,33
228,3,34
229,3,35
230,3,36
231,3,37
232,3,38
233,3,39
234,3,40
235,3,41
236,3,42
237,3,43
238,3,44
239,3,45
240,3,46
241,3,47
242,3,48
243,3,49
244,3,50
245,3,51
246,3,52
247,3,53
248,3,54
249,3,55
250,3,56
251,3,57
252,3,58
253,3,59
254,3,60
255,3,61
256,3,62
257,3,63
258,3,64
259,3,65
260,3,66
261,3,67
262,3,68
263,3,69
264,3,70
265,3,71
266,3,72
267,3,73
268,3,74
269,3,75
270,3,76
271,3,77
272,3,78
273,3,79
274,3,80
275,3,81
276,3,82
277,3,83
278,3,84
279,3,85
280,3,86
281,3,87
282,3,88
283,3,89
284,3,90
285,3,91
286,3,92
287,3,93
288,3,94
289,3,95
290,3,96
291,3,97
292,3,98
293,3,99
294,3,100
295,4,5
296,4,6
297,4,7
298,4,8
299,4,9
300,4,10
301,4,11
302,4,12
303,4,13
304,4,14
305,4,15
306,4,16
307,4,17
308,4,18
309,4,19
310,4,20
311,4,21
312,4,22
313,4,23
314,4,24
315,4,25
316,4,26
317,4,27
318,4,28
319,4,29
320,4,30
321,4,31
322,4,32
323,4,33
324,4,34
325,4,35
326,4,36
327,4,37
328,4,38
329,4,39
330,4,40
331,4,41
332,4,42
333,4,43
334,4,44
335,4,45
336,4,46
337,4,47
338,4,48
339,4,49
340,4,50
341,4,51
342,4,52
343,4,53
344,4,54
345,4,55
346,4,56
347,4,57
348,4,58
349,4,59
350,4,60
351,4,61
352,4,62
353,4,63
354,4,64
355,4,65
356,4,66
357,4,67
358,4,68
359,4,69
360,4,70
361,4,71
362,4,72
363,4,73
364,4,74
365,4,75
366,4,76
367,4,77
368,4,78
369,4,79
370,4,80
371,4,81
372,4,82
373,4,83
374,4,84
375,4,85
376,4,86
377,4,87
378,4,88
379,4,89
380,4,90
381,4,91
382,4,92
383,4,93
384,4,94
385,4,95
386,4,96
387,4,97
388,4,98
389,4,99
390,4,100
391,5,6
392,5,7
393,5,8
394,5,9
395,5,10
396,5,11
397,5,12
398,5,13
399,5,14
400,5,15
401,5,16
402,5,17
403,5,18
404,5,19
405,5,20
406,5,21
407,5,22
408,5,23
409,5,24
410,5,25
411,5,26
412,5,27
413,5,28
414,5,29
415,5,30
416,5,31
417,5,32
418,5,33
419,5,34
420,5,35
421,5,36
422,5,37
423,5,38
424,5,39
425,5,40
426,5,41
427,5,42
428,5,43
429,5,44
430,5,45
431,5,46
432,5,47
433,5,48
434,5,49
435,5,50
436,5,51
437,5,52
438,5,53
439,5,54
440,5,55
441,5,56
442,5,57
443,5,58
444,5,59
445,5,60
446,5,61
447,5,62
448,5,63
449,5,64
450,5,65
451,5,66
452,5,67
453,5,68
454,5,69
455,5,70
456,5,71
457,5,72
458,5,73
459,5,74
460,5,75
461,5,76
462,5,77
463,5,78
464,5,79
465,5,80
466,5,81
467,5,82
468,5,83
469,5,84
470,5,85
471,5,86
472,5,87
473,5,88
474,5,89
475,5,90
476,5,91
477,5,92
478,5,93
479,5,94
480,5,95
481,5,96
482,5,97
483,5,98
484,5,99
485,5,100
486,6,7
487,6,8
488,6,9
489,6,10
490,6,11
491,6,12
492,6,13
493,6,14
494,6,15
495,6,16
496,6,17
497,6,18
498,6,19
499,6,20
500,6,21
501,6,22
502,6,23
503,6,24
504,6,25
505,6,26
506,6,27
507,6,28
508,6,29
509,6,30
510,6,31
511,6,32
512,6,33
513,6,34
514,6,35
515,6,36
516,6,37
517,6,38
518,6,39
519,6,40
520,6,41
521,6,42
522,6,43
523,6,44
524,6,45
525,6,46
526,6,47
527,6,48
528,6,49
529,6,50
530,6,51
531,6,52
532,6,53
533,6,54
534,6,55
535,6,56
536,6,57
537,6,58
538,6,59
539,6,60
540,6,61
541,6,62
542,6,63
543,6,64
544,6,65
545,6,66
546,6,67
547,6,68
548,6,69
549,6,70
550,6,71
551,6,72
552,6,73
553,6,74
554,6,75
555,6,76
556,6,77
557,6,78
558,6,79
559,6,80
560,6,81
561,6,82
562,6,83
563,6,84
564,6,85
565,6,86
566,6,87
567,6,88
568,6,89
569,6,90
570,6,91
571,6,92
572,6,93
573,6,94
574,6,95
575,6,96
576,6,97
577,6,98
578,6,99
579,6,100
580,7,8
581,7,9
582,7,10
583,7,11
584,7,12
585,7,13
586,7,14
587,7,15
588,7,16
589,7,17
590,7,18
591,7,19
592,7,20
593,7,21
594,7,22
595,7,23
596,7,24
597,7,25
598,7,26
599,7,27
600,7,28
601,7,29
602,7,30
603,7,31
604,7,32
605,7,33
606,7,34
607,7,35
608,7,36
609,7,37
610,7,38
611,7,39
612,7,40
613,7,41
614,7,42
615,7,43
616,7,44
617,7,45
618,7,46
619,7,47
620,7,48
621,7,49
622,7,50
623,7,51
624,7,52
625,7,53
626,7,54
627,7,55
628,7,56
629,7,57
630,7,58
631,7,59
632,7,60
633,7,61
634,7,62
635,7,63
636,7,64
637,7,65
638,7,66
639,7,67
640,7,68
641,7,69
642,7,70
643,7,71
644,7,72
645,7,73
646,7,74
647,7,75
648,7,76
649,7,77
650,7,78
651,7,79
652,7,80
653,7,81
654,7,82
655,7,83
656,7,84
657,7,85
658,7,86
659,7,87
660,7,88
661,7,89
662,7,90
663,7,91
664,7,92
665,7,93
666,7,94
667,7,95
668,7,96
669,7,97
670,7,98
671,7,99
672,7,100
673,8,9
674,8,10
675,8,11
676,8,12
677,8,13
678,8,14
679,8,15
680,8,16
681,8,17
682,8,18
683,8,19
684,8,20
685,8,21
686,8,22
687,8,23
688,8,24
689,8,25
690,8,26
691,8,27
692,8,28
693,8,29
694,8,30
695,8,31
696,8,32
697,8,33
698,8,34
699,8,35
700,8,36
701,8,37
702,8,38
703,8,39
704,8,40
705,8,41
706,8,42
707,8,43
708,8,44
709,8,45
710,8,46
711,8,47
712,8,48
713,8,49
714,8,50
715,8,51
716,8,52
717,8,53
718,8,54
719,8,55
720,8,56
721,8,57
722,8,58
723,8,59
724,8,60
725,8,61
726,8,62
727,8,63
728,8,64
729,8,65
730,8,66
731,8,67
732,8,68
733,8,69
734,8,70
735,8,71
736,8,72
737,8,73
738,8,74
739,8,75
740,8,76
741,8,77
742,8,78
743,8,79
744,8,80
745,8,81
746,8,82
747,8,83
748,8,84
749,8,85
750,8,86
751,8,87
752,8,88
753,8,89
754,8,90
755,8,91
756,8,92
757,8,93
758,8,94
759,8,95
760,8,96
761,8,97
762,8,98
763,8,99
764,8,100
765,9,10
766,9,11
767,9,12
768,9,13
769,9,14
770,9,15
771,9,16
772,9,17
773,9,18
774,9,19
775,9,20
776,9,21
777,9,22
778,9,23
779,9,24
780,9,25
781,9,26
782,9,27
783,9,28
784,9,29
785,9,30
786,9,31
787,9,32
788,9,33
789,9,34
790,9,35
791,9,36
792,9,37
793,9,38
794,9,39
795,9,40
796,9,41
797,9,42
798,9,43
799,9,44
800,9,45
801,9,46
802,9,47
803,9,48
804,9,49
805,9,50
806,9,51
807,9,52
808,9,53
809,9,54
810,9,55
811,9,56
812,9,57
813,9,58
814,9,59
815,9,60
816,9,61
817,9,62
818,9,63
819,9,64
820,9,65
821,9,66
822,9,67
823,9,68
824,9,69
825,9,70
826,9,71
827,9,72
828,9,73
829,9,74
830,9,75
831,9,76
832,9,77
833,9,78
834,9,79
835,9,80
836,9,81
837,9,82
838,9,83
839,9,84
840,9,85
841,9,86
842,9,87
843,9,88
844,9,89
845,9,90
846,9,91
847,9,92
848,9,93
849,9,94
850,9,95
851,9,96
852,9,97
853,9,98
854,9,99
855,9,100
856,10,11
857,10,12
858,10,13
859,10,14
860,10,15
861,10,16
862,10,17
863,10,18
864,10,19
865,10,20
866,10,21
867,10,22
868,10,23
869,10,24
870,10,25
871,10,26
872,10,27
873,10,28
874,10,29
875,10,30
876,10,31
877,10,32
878,10,33
879,10,34
880,10,35
881,10,36
882,10,37
883,10,38
884,10,39
885,10,40
886,10,41
887,10,42
888,10,43
889,10,44
890,10,45
891,10,46
892,10,47
893,10,48
894,10,49
895,10,50
896,10,51
897,10,52
898,10,53
899,10,54
900,10,55
901,10,56
902,10,57
903,10,58
904,10,59
905,10,60
906,10,61
907,10,62
908,10,63
909,10,64
910,10,65
911,10,66
912,10,67
913,10,68
914,10,69
915,10,70
916,10,71
917,10,72
918,10,73
919,10,74
920,10,75
921,10,76
922,10,77
923,10,78
924,10,79
925,10,80
926,10,81
927,10,82
928,10,83
929,10,84
930,10,85
931,10,86
932,10,87
933,10,88
934,10,89
935,10,90
936,10,91
937,10,92
938,10,93
939,10,94
940,10,95
941,10,96
942,10,97
943,10,98
944,10,99
945,10,100
946,11,12
947,11,13
948,11,14
949,11,15
950,11,16
951,11,17
952,11,18
953,11,19
954,11,20
955,11,21
956,11,22
957,11,23
958,11,24
959,11,25
960,11,26
961,11,27
962,11,28
963,11,29
964,11,30
965,11,31
966,11,32
967,11,33
968,11,34
969,11,35
970,11,36
971,11,37
972,11,38
973,11,39
974,11,40
975,11,41
976,11,42
977,11,43
978,11,44
979,11,45
980,11,46
981,11,47
982,11,48
983,11,49
984,11,50
985,11,51
986,11,52
987,11,53
988,11,54
989,11,55
990,11,56
991,11,57
992,11,58
993,11,59
994,11,60
995,11,61
996,11,62
997,11,63
998,11,64
999,11,65
1000,11,66
1001,11,67
1002,11,68
1003,11,69
1004,11,70
1005,11,71
1006,11,72
1007,11,73
1008,11,74
1009,11,75
1010,11,76
1011,11,77
1012,11,78
1013,11,79
1014,11,80
1015,11,81
1016,11,82
1017,11,83
1018,11,84
1019,11,85
1020,11,86
1021,11,87
1022,11,88
1023,11,89
1024,11,90
1025,11,91
1026,11,92
1027,11,93
1028,11,94
1029,11,95
1030,11,96
1031,11,97
1032,11,98
1033,11,99
1034,11,100
1035,12,13
1036,12,14
1037,12,15
1038,12,16
1039,12,17
1040,12,18
1041,12,19
1042,12,20
1043,12,21
1044,12,22
1045,12,23
1046,12,24
1047,12,25
1048,12,26
1049,12,27
1050,12,28
1051,12,29
1052,12,30
1053,12,31
1054,12,32
1055,12,33
1056,12,34
1057,12,35
1058,12,36
1059,12,37
1060,12,38
1061,12,39
1062,12,40
1063,12,41
1064,12,42
1065,12,43
1066,12,44
1067,12,45
1068,12,46
1069,12,47
1070,12,48
1071,12,49
1072,12,50
1073,12,51
1074,12,52
1075,12,53
1076,12,54
1077,12,55
1078,12,56
1079,12,57
1080,12,58
1081,12,59
1082,12,60
1083,12,61
1084,12,62
1085,12,63
1086,12,64
1087,12,65
1088,12,66
1089,12,67
1090,12,68
1091,12,69
1092,12,70
1093,12,71
1094,12,72
1095,12,73
1096,12,74
1097,12,75
1098,12,76
1099,12,77
1100,12,78
1101,12,79
1102,12,80
1103,12,81
1104,12,82
1105,12,83
1106,12,84
1107,12,85
1108,12,86
1109,12,87
1110,12,88
1111,12,89
1112,12,90
1113,12,91
1114,12,92
1115,12,93
1116,12,94
1117,12,95
1118,12,96
1119,12,97
1120,12,98
1121,12,99
1122,12,100
1123,13,14
1124,13,15
1125,13,16
1126,13,17
1127,13,18
1128,13,19
1129,13,20
1130,13,21
1131,13,22
1132,13,23
1133,13,24
1134,13,25
1135,13,26
1136,13,27
1137,13,28
1138,13,29
1139,13,30
1140,13,31
1141,13,32
1142,13,33
1143,13,34
1144,13,35
1145,13,36
1146,13,37
1147,13,38
1148,13,39
1149,13,40
1150,13,41
1151,13,42
1152,13,43
1153,13,44
1154,13,45
1155,13,46
1156,13,47
1157,13,48
1158,13,49
1159,13,50
1160,13,51
1161,13,52
1162,13,53
1163,13,54
1164,13,55
1165,13,56
1166,13,57
1167,13,58
1168,13,59
1169,13,60
1170,13,61
1171,13,62
1172,13,63
1173,13,64
1174,13,65
1175,13,66
1176,13,67
1177,13,68
1178,13,69
1179,13,70
1180,13,71
1181,13,72
1182,13,73
1183,13,74
1184,13,75
1185,13,76
1186,13,77
1187,13,78
1188,13,79
1189,13,80
1190,13,81
1191,13,82
1192,13,83
1193,13,84
1194,13,85
1195,13,86
1196,13,87
1197,13,88
1198,13,89
1199,13,90
1200,13,91
1201,13,92
1202,13,93
1203,13,94
1204,13,95
1205,13,96
1206,13,97
1207,13,98
1208,13,99
1209,13,100
1210,14,15
1211,14,16
1212,14,17
1213,14,18
1214,14,19
1215,14,20
1216,14,21
1217,14,22
1218,14,23
1219,14,24
1220,14,25
1221,14,26
1222,14,27
1223,14,28
1224,14,29
1225,14,30
1226,14,31
1227,14,32
1228,14,33
1229,14,34
1230,14,35
1231,14,36
1232,14,37
1233,14,38
1234,14,39
1235,14,40
1236,14,41
1237,14,42
1238,14,43
1239,14,44
1240,14,45
1241,14,46
1242,14,47
1243,14,48
1244,14,49
1245,14,50
1246,14,51
1247,14,52
1248,14,53
1249,14,54
1250,14,55
1251,14,56
1252,14,57
1253,14,58
1254,14,59
1255,14,60
1256,14,61
1257,14,62
1258,14,63
1259,14,64
1260,14,65
1261,14,66
1262,14,67
1263,14,68
1264,14,69
1265,14,70
1266,14,71
1267,14,72
1268,14,73
1269,14,74
1270,14,75
1271,14,76
1272,14,77
1273,14,78
1274,14,79
1275,14,80
1276,14,81
1277,14,82
1278,14,83
1279,14,84
1280,14,85
1281,14,86
1282,14,87
1283,14,88
1284,14,89
1285,14,90
1286,14,91
1287,14,92
1288,14,93
1289,14,94
1290,14,95
1291,14,96
1292,14,97
1293,14,98
1294,14,99
1295,14,100
1296,15,16
1297,15,17
1298,15,18
1299,15,19
1300,15,20
1301,15,21
1302,15,22
1303,15,23
1304,15,24
1305,15,25
1306,15,26
1307,15,27
1308,15,28
1309,15,29
1310,15,30
1311,15,31
1312,15,32
1313,15,33
1314,15,34
1315,15,35
1316,15,36
1317,15,37
1318,15,38
1319,15,39
1320,15,40
1321,15,41
1322,15,42
1323,15,43
1324,15,44
1325,15,45
1326,15,46
1327,15,47
1328,15,48
1329,15,49
1330,15,50
1331,15,51
1332,15,52
1333,15,53
1334,15,54
1335,15,55
1336,15,56
1337,15,57
1338,15,58
1339,15,59
1340,15,60
1341,15,61
1342,15,62
1343,15,63
1344,15,64
1345,15,65
1346,15,66
1347,15,67
1348,15,68
1349,15,69
1350,15,70
1351,15,71
1352,15,72
1353,15,73
1354,15,74
1355,15,75
1356,15,76
1357,15,77
1358,15,78
1359,15,79
1360,15,80
1361,15,81
1362,15,82
1363,15,83
1364,15,84
1365,15,85
1366,15,86
1367,15,87
1368,15,88
1369,15,89
1370,15,90
1371,15,91
1372,15,92
1373,15,93
1374,15,94
1375,15,95
1376,15,96
1377,15,97
1378,15,98
1379,15,99
1380,15,100
1381,16,17
1382,16,18
1383,16,19
1384,16,20
1385,16,21
1386,16,22
1387,16,23
1388,16,24
1389,16,25
1390,16,26
1391,16,27
1392,16,28
1393,16,29
1394,16,30
1395,16,31
1396,16,32
1397,16,33
1398,16,34
1399,16,35
1400,16,36
1401,16,37
1402,16,38
1403,16,39
1404,16,40
1405,16,41
1406,16,42
1407,16,43
1408,16,44
1409,16,45
1410,16,46
1411,16,47
1412,16,48
1413,16,49
1414,16,50
1415,16,51
1416,16,52
1417,16,53
1418,16,54
1419,16,55
1420,16,56
1421,16,57
1422,16,58
1423,16,59
1424,16,60
1425,16,61
1426,16,62
1427,16,63
1428,16,64
1429,16,65
1430,16,66
1431,16,67
1432,16,68
1433,16,69
1434,16,70
1435,16,71
1436,16,72
1437,16,73
1438,16,74
1439,16,75
1440,16,76
1441,16,77
1442,16,78
1443,16,79
1444,16,80
1445,16,81
1446,16,82
1447,16,83
1448,16,84
1449,16,85
1450,16,86
1451,16,87
1452,16,88
1453,16,89
1454,16,90
1455,16,91
1456,16,92
1457,16,93
1458,16,94
1459,16,95
1460,16,96
1461,16,97
1462,16,98
1463,16,99
1464,16,100
1465,17,18
1466,17,19
1467,17,20
1468,17,21
1469,17,22
1470,17,23
1471,17,24
1472,17,25
1473,17,26
1474,17,27
1475,17,28
1476,17,29
1477,17,30
1478,17,31
1479,17,32
1480,17,33
1481,17,34
1482,17,35
1483,17,36
1484,17,37
1485,17,38
1486,17,39
1487,17,40
1488,17,41
1489,17,42
1490,17,43
1491,17,44
1492,17,45
1493,17,46
1494,17,47
1495,17,48
1496,17,49
1497,17,50
1498,17,51
1499,17,52
1500,17,53
1501,17,54
1502,17,55
1503,17,56
1504,17,57
1505,17,58
1506,17,59
1507,17,60
1508,17,61
1509,17,62
1510,17,63
1511,17,64
1512,17,65
1513,17,66
1514,17,67
1515,17,68
1516,17,69
1517,17,70
1518,17,71
1519,17,72
1520,17,73
1521,17,74
1522,17,75
1523,17,76
1524,17,77
1525,17,78
1526,17,79
1527,17,80
1528,17,81
1529,17,82
1530,17,83
1531,17,84
1532,17,85
1533,17,86
1534,17,87
1535,17,88
1536,17,89
1537,17,90
1538,17,91
1539,17,92
1540,17,93
1541,17,94
1542,17,95
1543,17,96
1544,17,97
1545,17,98
1546,17,99
1547,17,100
1548,18,19
1549,18,20
1550,18,21
1551,18,22
1552,18,23
1553,18,24
1554,18,25
1555,18,26
1556,18,27
1557,18,28
1558,18,29
1559,18,30
1560,18,31
1561,18,32
1562,18,33
1563,18,34
1564,18,35
1565,18,36
1566,18,37
1567,18,38
1568,18,39
1569,18,40
1570,18,41
1571,18,42
1572,18,43
1573,18,44
1574,18,45
1575,18,46
1576,18,47
1577,18,48
1578,18,49
1579,18,50
1580,18,51
1581,18,52
1582,18,53
1583,18,54
1584,18,55
1585,18,56
1586,18,57
1587,18,58
1588,18,59
1589,18,60
1590,18,61
1591,18,62
1592,18,63
1593,18,64
1594,18,65
1595,18,66
1596,18,67
1597,18,68
1598,18,69
1599,18,70
1600,18,71
1601,18,72
1602,18,73
1603,18,74
1604,18,75
1605,18,76
1606,18,77
1607,18,78
1608,18,79
1609,18,80
1610,18,81
1611,18,82
1612,18,83
1613,18,84
1614,18,85
1615,18,86
1616,18,87
1617,18,88
1618,18,89
1619,18,90
1620,18,91
1621,18,92
1622,18,93
1623,18,94
1624,18,95
1625,18,96
1626,18,97
1627,18,98
1628,18,99
1629,18,100
1630,19,20
1631,19,21
1632,19,22
1633,19,23
1634,19,24
1635,19,25
1636,19,26
1637,19,27
1638,19,28
1639,19,29
1640,19,30
1641,19,31
1642,19,32
1643,19,33
1644,19,34
1645,19,35
1646,19,36
1647,19,37
1648,19,38
1649,19,39
1650,19,40
1651,19,41
1652,19,42
1653,19,43
1654,19,44
1655,19,45
1656,19,46
1657,19,47
1658,19,48
1659,19,49
1660,19,50
1661,19,51
1662,19,52
1663,19,53
1664,19,54
1665,19,55
1666,19,56
1667,19,57
1668,19,58
1669,19,59
1670,19,60
1671,19,61
1672,19,62
1673,19,63
1674,19,64
1675,19,65
1676,19,66
1677,19,67
1678,19,68
1679,19,69
1680,19,70
1681,19,71
1682,19,72
1683,19,73
1684,19,74
1685,19,75
1686,19,76
1687,19,77
1688,19,78
1689,19,79
1690,19,80
1691,19,81
1692,19,82
1693,19,83
1694,19,84
1695,19,85
1696,19,86
1697,19,87
1698,19,88
1699,19,89
1700,19,90
1701,19,91
1702,19,92
1703,19,93
1704,19,94
1705,19,95
1706,19,96
1707,19,97
1708,19,98
1709,19,99
1710,19,100
1711,20,21
1712,20,22
1713,20,23
1714,20,24
1715,20,25
1716,20,26
1717,20,27
1718,20,28
1719,20,29
1720,20,30
1721,20,31
1722,20,32
1723,20,33
1724,20,34
1725,20,35
1726,20,36
1727,20,37
1728,20,38
1729,20,39
1730,20,40
1731,20,41
1732,20,42
1733,20,43
1734,20,44
1735,20,45
1736,20,46
1737,20,47
1738,20,48
1739,20,49
1740,20,50
1741,20,51
1742,20,52
1743,20,53
1744,20,54
1745,20,55
1746,20,56
1747,20,57
1748,20,58
1749,20,59
1750,20,60
1751,20,61
1752,20,62
1753,20,63
1754,20,64
1755,20,65
1756,20,66
1757,20,67
1758,20,68
1759,20,69
1760,20,70
1761,20,71
1762,20,72
1763,20,73
1764,20,74
1765,20,75
1766,20,76
1767,20,77
1768,20,78
1769,20,79
1770,20,80
1771,20,81
1772,20,82
1773,20,83
1774,20,84
1775,20,85
1776,20,86
1777,20,87
1778,20,88
1779,20,89
1780,20,90
1781,20,91
1782,20,92
1783,20,93
1784,20,94
1785,20,95
1786,20,96
1787,20,97
1788,20,98
1789,20,99
1790,20,100
1791,21,22
1792,21,23
1793,21,24
1794,21,25
1795,21,26
1796,21,27
1797,21,28
1798,21,29
1799,21,30
1800,21,31
1801,21,32
1802,21,33
1803,21,34
1804,21,35
1805,21,36
1806,21,37
1807,21,38
1808,21,39
1809,21,40
1810,21,41
1811,21,42
1812,21,43
1813,21,44
1814,21,45
1815,21,46
1816,21,47
1817,21,48
1818,21,49
1819,21,50
1820,21,51
1821,21,52
1822,21,53
1823,21,54
1824,21,55
1825,21,56
1826,21,57
1827,21,58
1828,21,59
1829,21,60
1830,21,61
1831,21,62
1832,21,63
1833,21,64
1834,21,65
1835,21,66
1836,21,67
1837,21,68
1838,21,69
1839,21,70
1840,21,71
1841,21,72
1842,21,73
1843,21,74
1844,21,75
1845,21,76
1846,21,77
1847,21,78
1848,21,79
1849,21,80
1850,21,81
1851,21,82
1852,21,83
1853,21,84
1854,21,85
1855,21,86
1856,21,87
1857,21,88
1858,21,89
1859,21,90
1860,21,91
1861,21,92
1862,21,93
1863,21,94
1864,21,95
1865,21,96
1866,21,97
1867,21,98
1868,21,99
1869,21,100
1870,22,23
1871,22,24
1872,22,25
1873,22,26
1874,22,27
1875,22,28
1876,22,29
1877,22,30
1878,22,31
1879,22,32
1880,22,33
1881,22,34
1882,22,35
1883,22,36
1884,22,37
1885,22,38
1886,22,39
1887,22,40
1888,22,41
1889,22,42
1890,22,43
1891,22,44
1892,22,45
1893,22,46
1894,22,47
1895,22,48
1896,22,49
1897,22,50
1898,22,51
1899,22,52
1900,22,53
1901,22,54
1902,22,55
1903,22,56
1904,22,57
1905,22,58
1906,22,59
1907,22,60
1908,22,61
1909,22,62
1910,22,63
1911,22,64
1912,22,65
1913,22,66
1914,22,67
1915,22,68
1916,22,69
1917,22,70
1918,22,71
1919,22,72
1920,22,73
1921,22,74
1922,22,75
1923,22,76
1924,22,77
1925,22,78
1926,22,79
1927,22,80
1928,22,81
1929,22,82
1930,22,83
1931,22,84
1932,22,85
1933,22,86
1934,22,87
1935,22,88
1936,22,89
1937,22,90
1938,22,91
1939,22,92
1940,22,93
1941,22,94
1942,22,95
1943,22,96
1944,22,97
1945,22,98
1946,22,99
1947,22,100
1948,23,24
1949,23,25
1950,23,26
1951,23,27
1952,23,28
1953,23,29
1954,23,30
1955,23,31
1956,23,32
1957,23,33
1958,23,34
1959,23,35
1960,23,36
1961,23,37
1962,23,38
1963,23,39
1964,23,40
1965,23,41
1966,23,42
1967,23,43
1968,23,44
1969,23,45
1970,23,46
1971,23,47
1972,23,48
1973,23,49
1974,23,50
1975,23,51
1976,23,52
1977,23,53
1978,23,54
1979,23,55
1980,23,56
1981,23,57
1982,23,58
1983,23,59
1984,23,60
1985,23,61
1986,23,62
1987,23,63
1988,23,64
1989,23,65
1990,23,66
1991,23,67
1992,23,68
1993,23,69
1994,23,70
1995,23,71
1996,23,72
1997,23,73
1998,23,74
1999,23,75
2000,23,76
2001,23,77
2002,23,78
2003,23,79
2004,23,80
2005,23,81
2006,23,82
2007,23,83
2008,23,84
2009,23,85
2010,23,86
2011,23,87
2012,23,88
2013,23,89
2014,23,90
2015,23,91
2016,23,92
2017,23,93
2018,23,94
2019,23,95
2020,23,96
2021,23,97
2022,23,98
2023,23,99
2024,23,100
2025,24,25
2026,24,26
2027,24,27
2028,24,28
2029,24,29
2030,24,30
2031,24,31
2032,24,32
2033,24,33
2034,24,34
2035,24,35
2036,24,36
2037,24,37
2038,24,38
2039,24,39
2040,24,40
2041,24,41
2042,24,42
2043,24,43
2044,24,44
2045,24,45
2046,24,46
2047,24,47
2048,24,48
2049,24,49
2050,24,50
2051,24,51
2052,24,52
2053,24,53
2054,24,54
2055,24,55
2056,24,56
2057,24,57
2058,24,58
2059,24,59
2060,24,60
2061,24,61
2062,24,62
2063,24,63
2064,24,64
2065,24,65
2066,24,66
2067,24,67
2068,24,68
2069,24,69
2070,24,70
2071,24,71
2072,24,72
2073,24,73
2074,24,74
2075,24,75
2076,24,76
2077,24,77
2078,24,78
2079,24,79
2080,24,80
2081,24,81
2082,24,82
2083,24,83
2084,24,84
2085,24,85
2086,24,86
2087,24,87
2088,24,88
2089,24,89
2090,24,90
2091,24,91
2092,24,92
2093,24,93
2094,24,94
2095,24,95
2096,24,96
2097,24,97
2098,24,98
2099,24,99
2100,24,100
2101,25,26
2102,25,27
2103,25,28
2104,25,29
2105,25,30
2106,25,31
2107,25,32
2108,25,33
2109,25,34
2110,25,35
2111,25,36
2112,25,37
2113,25,38
2114,25,39
2115,25,40
2116,25,41
2117,25,42
2118,25,43
2119,25,44
2120,25,45
2121,25,46
2122,25,47
2123,25,48
2124,25,49
2125,25,50
2126,25,51
2127,25,52
2128,25,53
2129,25,54
2130,25,55
2131,25,56
2132,25,57
2133,25,58
2134,25,59
2135,25,60
2136,25,61
2137,25,62
2138,25,63
2139,25,64
2140,25,65
2141,25,66
2142,25,67
2143,25,68
2144,25,69
2145,25,70
2146,25,71
2147,25,72
2148,25,73
2149,25,74
2150,25,75
2151,25,76
2152,25,77
2153,25,78
2154,25,79
2155,25,80
2156,25,81
2157,25,82
2158,25,83
2159,25,84
2160,25,85
2161,25,86
2162,25,87
2163,25,88
2164,25,89
2165,25,90
2166,25,91
2167,25,92
2168,25,93
2169,25,94
2170,25,95
2171,25,96
2172,25,97
2173,25,98
2174,25,99
2175,25,100
2176,26,27
2177,26,28
2178,26,29
2179,26,30
2180,26,31
2181,26,32
2182,26,33
2183,26,34
2184,26,35
2185,26,36
2186,26,37
2187,26,38
2188,26,39
2189,26,40
2190,26,41
2191,26,42
2192,26,43
2193,26,44
2194,26,45
2195,26,46
2196,26,47
2197,26,48
2198,26,49
2199,26,50
2200,26,51
2201,26,52
2202,26,53
2203,26,54
2204,26,55
2205,26,56
2206,26,57
2207,26,58
2208,26,59
2209,26,60
2210,26,61
2211,26,62
2212,26,63
2213,26,64
2214,26,65
2215,26,66
2216,26,67
2217,26,68
2218,26,69
2219,26,70
2220,26,71
2221,26,72
2222,26,73
2223,26,74
2224,26,75
2225,26,76
2226,26,77
2227,26,78
2228,26,79
2229,26,80
2230,26,81
2231,26,82
2232,26,83
2233,26,84
2234,26,85
2235,26,86
2236,26,87
2237,26,88
2238,26,89
2239,26,90
2240,26,91
2241,26,92
2242,26,93
2243,26,94
2244,26,95
2245,26,96
2246,26,97
2247,26,98
2248,26,99
2249,26,100
2250,27,28
2251,27,29
2252,27,30
2253,27,31
2254,27,32
2255,27,33
2256,27,34
2257,27,35
2258,27,36
2259,27,37
2260,27,38
2261,27,39
2262,27,40
2263,27,41
2264,27,42
2265,27,43
2266,27,44
2267,27,45
2268,27,46
2269,27,47
2270,27,48
2271,27,49
2272,27,50
2273,27,51
2274,27,52
2275,27,53
2276,27,54
2277,27,55
2278,27,56
2279,27,57
2280,27,58
2281,27,59
2282,27,60
2283,27,61
2284,27,62
2285,27,63
2286,27,64
2287,27,65
2288,27,66
2289,27,67
2290,27,68
2291,27,69
2292,27,70
2293,27,71
2294,27,72
2295,27,73
2296,27,74
2297,27,75
2298,27,76
2299,27,77
2300,27,78
2301,27,79
2302,27,80
2303,27,81
2304,27,82
2305,27,83
2306,27,84
2307,27,85
2308,27,86
2309,27,87
2310,27,88
2311,27,89
2312,27,90
2313,27,91
2314,27,92
2315,27,93
2316,27,94
2317,27,95
2318,27,96
2319,27,97
2320,27,98
2321,27,99
2322,27,100
2323,28,29
2324,28,30
2325,28,31
2326,28,32
2327,28,33
2328,28,34
2329,28,35
2330,28,36
2331,28,37
2332,28,38
2333,28,39
2334,28,40
2335,28,41
2336,28,42
2337,28,43
2338,28,44
2339,28,45
2340,28,46
2341,28,47
2342,28,48
2343,28,49
2344,28,50
2345,28,51
2346,28,52
2347,28,53
2348,28,54
2349,28,55
2350,28,56
2351,28,57
2352,28,58
2353,28,59
2354,28,60
2355,28,61
2356,28,62
2357,28,63
2358,28,64
2359,28,65
2360,28,66
2361,28,67
2362,28,68
2363,28,69
2364,28,70
2365,28,71
2366,28,72
2367,28,73
2368,28,74
2369,28,75
2370,28,76
2371,28,77
2372,28,78
2373,28,79
2374,28,80
2375,28,81
2376,28,82
2377,28,83
2378,28,84
2379,28,85
2380,28,86
2381,28,87
2382,28,88
2383,28,89
2384,28,90
2385,28,91
2386,28,92
2387,28,93
2388,28,94
2389,28,95
2390,28,96
2391,28,97
2392,28,98
2393,28,99
2394,28,100
2395,29,30
2396,29,31
2397,29,32
2398,29,33
2399,29,34
2400,29,35
2401,29,36
2402,29,37
2403,29,38
2404,29,39
2405,29,40
2406,29,41
2407,29,42
2408,29,43
2409,29,44
2410,29,45
2411,29,46
2412,29,47
2413,29,48
2414,29,49
2415,29,50
2416,29,51
2417,29,52
2418,29,53
2419,29,54
2420,29,55
2421,29,56
2422,29,57
2423,29,58
2424,29,59
2425,29,60
2426,29,61
2427,29,62
2428,29,63
2429,29,64
2430,29,65
2431,29,66
2432,29,67
2433,29,68
2434,29,69
2435,29,70
2436,29,71
2437,29,72
2438,29,73
2439,29,74
2440,29,75
2441,29,76
2442,29,77
2443,29,78
2444,29,79
2445,29,80
2446,29,81
2447,29,82
2448,29,83
2449,29,84
2450,29,85
2451,29,86
2452,29,87
2453,29,88
2454,29,89
2455,29,90
2456,29,91
2457,29,92
2458,29,93
2459,29,94
2460,29,95
2461,29,96
2462,29,97
2463,29,98
2464,29,99
2465,29,100
2466,30,31
2467,30,32
2468,30,33
2469,30,34
2470,30,35
2471,30,36
2472,30,37
2473,30,38
2474,30,39
2475,30,40
2476,30,41
2477,30,42
2478,30,43
2479,30,44
2480,30,45
2481,30,46
2482,30,47
2483,30,48
2484,30,49
2485,30,50
2486,30,51
2487,30,52
2488,30,53
2489,30,54
2490,30,55
2491,30,56
2492,30,57
2493,30,58
2494,30,59
2495,30,60
2496,30,61
2497,30,62
2498,30,63
2499,30,64
2500,30,65
2501,30,66
2502,30,67
2503,30,68
2504,30,69
2505,30,70
2506,30,71
2507,30,72
2508,30,73
2509,30,74
2510,30,75
2511,30,76
2512,30,77
2513,30,78
2514,30,79
2515,30,80
2516,30,81
2517,30,82
2518,30,83
2519,30,84
2520,30,85
2521,30,86
2522,30,87
2523,30,88
2524,30,89
2525,30,90
2526,30,91
2527,30,92
2528,30,93
2529,30,94
2530,30,95
2531,30,96
2532,30,97
2533,30,98
2534,30,99
2535,30,100
2536,31,32
2537,31,33
2538,31,34
2539,31,35
2540,31,36
2541,31,37
2542,31,38
2543,31,39
2544,31,40
2545,31,41
2546,31,42
2547,31,43
2548,31,44
2549,31,45
2550,31,46
2551,31,47
2552,31,48
2553,31,49
2554,31,50
2555,31,51
2556,31,52
2557,31,53
2558,31,54
2559,31,55
2560,31,56
2561,31,57
2562,31,58
2563,31,59
2564,31,60
2565,31,61
2566,31,62
2567,31,63
2568,31,64
2569,31,65
2570,31,66
2571,31,67
2572,31,68
2573,31,69
2574,31,70
2575,31,71
2576,31,72
2577,31,73
2578,31,74
2579,31,75
2580,31,76
2581,31,77
2582,31,78
2583,31,79
2584,31,80
2585,31,81
2586,31,82
2587,31,83
2588,31,84
2589,31,85
2590,31,86
2591,31,87
2592,31,88
2593,31,89
2594,31,90
2595,31,91
2596,31,92
2597,31,93
2598,31,94
2599,31,95
2600,31,96
2601,31,97
2602,31,98
2603,31,99
2604,31,100
2605,32,33
2606,32,34
2607,32,35
2608,32,36
2609,32,37
2610,32,38
2611,32,39
2612,32,40
2613,32,41
2614,32,42
2615,32,43
2616,32,44
2617,32,45
2618,32,46
2619,32,47
2620,32,48
2621,32,49
2622,32,50
2623,32,51
2624,32,52
2625,32,53
2626,32,54
2627,32,55
2628,32,56
2629,32,57
2630,32,58
2631,32,59
2632,32,60
2633,32,61
2634,32,62
2635,32,63
2636,32,64
2637,32,65
2638,32,66
2639,32,67
2640,32,68
2641,32,69
2642,32,70
2643,32,71
2644,32,72
2645,32,73
2646,32,74
2647,32,75
2648,32,76
2649,32,77
2650,32,78
2651,32,79
2652,32,80
2653,32,81
2654,32,82
2655,32,83
2656,32,84
2657,32,85
2658,32,86
2659,32,87
2660,32,88
2661,32,89
2662,32,90
2663,32,91
2664,32,92
2665,32,93
2666,32,94
2667,32,95
2668,32,96
2669,32,97
2670,32,98
2671,32,99
2672,32,100
2673,33,34
2674,33,35
2675,33,36
2676,33,37
2677,33,38
2678,33,39
2679,33,40
2680,33,41
2681,33,42
2682,33,43
2683,33,44
2684,33,45
2685,33,46
2686,33,47
2687,33,48
2688,33,49
2689,33,50
2690,33,51
2691,33,52
2692,33,53
2693,33,54
2694,33,55
2695,33,56
2696,33,57
2697,33,58
2698,33,59
2699,33,60
2700,33,61
2701,33,62
2702,33,63
2703,33,64
2704,33,65
2705,33,66
2706,33,67
2707,33,68
2708,33,69
2709,33,70
2710,33,71
2711,33,72
2712,33,73
2713,33,74
2714,33,75
2715,33,76
2716,33,77
2717,33,78
2718,33,79
2719,33,80
2720,33,81
2721,33,82
2722,33,83
2723,33,84
2724,33,85
2725,33,86
2726,33,87
2727,33,88
2728,33,89
2729,33,90
2730,33,91
2731,33,92
2732,33,93
2733,33,94
2734,33,95
2735,33,96
2736,33,97
2737,33,98
2738,33,99
2739,33,100
2740,34,35
2741,34,36
2742,34,37
2743,34,38
2744,34,39
2745,34,40
2746,34,41
2747,34,42
2748,34,43
2749,34,44
2750,34,45
2751,34,46
2752,34,47
2753,34,48
2754,34,49
2755,34,50
2756,34,51
2757,34,52
2758,34,53
2759,34,54
2760,34,55
2761,34,56
2762,34,57
2763,34,58
2764,34,59
2765,34,60
2766,34,61
2767,34,62
2768,34,63
2769,34,64
2770,34,65
2771,34,66
2772,34,67
2773,34,68
2774,34,69
2775,34,70
2776,34,71
2777,34,72
2778,34,73
2779,34,74
2780,34,75
2781,34,76
2782,34,77
2783,34,78
2784,34,79
2785,34,80
2786,34,81
2787,34,82
2788,34,83
2789,34,84
2790,34,85
2791,34,86
2792,34,87
2793,34,88
2794,34,89
2795,34,90
2796,34,91
2797,34,92
2798,34,93
2799,34,94
2800,34,95
2801,34,96
2802,34,97
2803,34,98
2804,34,99
2805,34,100
2806,35,36
2807,35,37
2808,35,38
2809,35,39
2810,35,40
2811,35,41
2812,35,42
2813,35,43
2814,35,44
2815,35,45
2816,35,46
2817,35,47
2818,35,48
2819,35,49
2820,35,50
2821,35,51
2822,35,52
2823,35,53
2824,35,54
2825,35,55
2826,35,56
2827,35,57
2828,35,58
2829,35,59
2830,35,60
2831,35,61
2832,35,62
2833,35,63
2834,35,64
2835,35,65
2836,35,66
2837,35,67
2838,35,68
2839,35,69
2840,35,70
2841,35,71
2842,35,72
2843,35,73
2844,35,74
2845,35,75
2846,35,76
2847,35,77
2848,35,78
2849,35,79
2850,35,80
2851,35,81
2852,35,82
2853,35,83
2854,35,84
2855,35,85
2856,35,86
2857,35,87
2858,35,88
2859,35,89
2860,35,90
2861,35,91
2862,35,92
2863,35,93
2864,35,94
2865,35,95
2866,35,96
2867,35,97
2868,35,98
2869,35,99
2870,35,100
2871,36,37
2872,36,38
2873,36,39
2874,36,40
2875,36,41
2876,36,42
2877,36,43
2878,36,44
2879,36,45
2880,36,46
2881,36,47
2882,36,48
2883,36,49
2884,36,50
2885,36,51
2886,36,52
2887,36,53
2888,36,54
2889,36,55
2890,36,56
2891,36,57
2892,36,58
2893,36,59
2894,36,60
2895,36,61
2896,36,62
2897,36,63
2898,36,64
2899,36,65
2900,36,66
2901,36,67
2902,36,68
2903,36,69
2904,36,70
2905,36,71
2906,36,72
2907,36,73
2908,36,74
2909,36,75
2910,36,76
2911,36,77
2912,36,78
2913,36,79
2914,36,80
2915,36,81
2916,36,82
2917,36,83
2918,36,84
2919,36,85
2920,36,86
2921,36,87
2922,36,88
2923,36,89
2924,36,90
2925,36,91
2926,36,92
2927,36,93
2928,36,94
2929,36,95
2930,36,96
2931,36,97
2932,36,98
2933,36,99
2934,36,100
2935,37,38
2936,37,39
2937,37,40
2938,37,41
2939,37,42
2940,37,43
2941,37,44
2942,37,45
2943,37,46
2944,37,47
2945,37,48
2946,37,49
2947,37,50
2948,37,51
2949,37,52
2950,37,53
2951,37,54
2952,37,55
2953,37,56
2954,37,57
2955,37,58
2956,37,59
2957,37,60
2958,37,61
2959,37,62
2960,37,63
2961,37,64
2962,37,65
2963,37,66
2964,37,67
2965,37,68
2966,37,69
2967,37,70
2968,37,71
2969,37,72
2970,37,73
2971,37,74
2972,37,75
2973,37,76
2974,37,77
2975,37,78
2976,37,79
2977,37,80
2978,37,81
2979,37,82
2980,37,83
2981,37,84
2982,37,85
2983,37,86
2984,37,87
2985,37,88
2986,37,89
2987,37,90
2988,37,91
2989,37,92
2990,37,93
2991,37,94
2992,37,95
2993,37,96
2994,37,97
2995,37,98
2996,37,99
2997,37,100
2998,38,39
2999,38,40
3000,38,41
3001,38,42
3002,38,43
3003,38,44
3004,38,45
3005,38,46
3006,38,47
3007,38,48
3008,38,49
3009,38,50
3010,38,51
3011,38,52
3012,38,53
3013,38,54
3014,38,55
3015,38,56
3016,38,57
3017,38,58
3018,38,59
3019,38,60
3020,38,61
3021,38,62
3022,38,63
3023,38,64
3024,38,65
3025,38,66
3026,38,67
3027,38,68
3028,38,69
3029,38,70
3030,38,71
3031,38,72
3032,38,73
3033,38,74
3034,38,75
3035,38,76
3036,38,77
3037,38,78
3038,38,79
3039,38,80
3040,38,81
3041,38,82
3042,38,83
3043,38,84
3044,38,85
3045,38,86
3046,38,87
3047,38,88
3048,38,89
3049,38,90
3050,38,91
3051,38,92
3052,38,93
3053,38,94
3054,38,95
3055,38,96
3056,38,97
3057,38,98
3058,38,99
3059,38,100
3060,39,40
3061,39,41
3062,39,42
3063,39,43
3064,39,44
3065,39,45
3066,39,46
3067,39,47
3068,39,48
3069,39,49
3070,39,50
3071,39,51
3072,39,52
3073,39,53
3074,39,54
3075,39,55
3076,39,56
3077,39,57
3078,39,58
3079,39,59
3080,39,60
3081,39,61
3082,39,62
3083,39,63
3084,39,64
3085,39,65
3086,39,66
3087,39,67
3088,39,68
3089,39,69
3090,39,70
3091,39,71
3092,39,72
3093,39,73
3094,39,74
3095,39,75
3096,39,76
3097,39,77
3098,39,78
3099,39,79
3100,39,80
3101,39,81
3102,39,82
3103,39,83
3104,39,84
3105,39,85
3106,39,86
3107,39,87
3108,39,88
3109,39,89
3110,39,90
3111,39,91
3112,39,92
3113,39,93
3114,39,94
3115,39,95
3116,39,96
3117,39,97
3118,39,98
3119,39,99
3120,39,100
3121,40,41
3122,40,42
3123,40,43
3124,40,44
3125,40,45
3126,40,46
3127,40,47
3128,40,48
3129,40,49
3130,40,50
3131,40,51
3132,40,52
3133,40,53
3134,40,54
3135,40,55
3136,40,56
3137,40,57
3138,40,58
3139,40,59
3140,40,60
3141,40,61
3142,40,62
3143,40,63
3144,40,64
3145,40,65
3146,40,66
3147,40,67
3148,40,68
3149,40,69
3150,40,70
3151,40,71
3152,40,72
3153,40,73
3154,40,74
3155,40,75
3156,40,76
3157,40,77
3158,40,78
3159,40,79
3160,40,80
3161,40,81
3162,40,82
3163,40,83
3164,40,84
3165,40,85
3166,40,86
3167,40,87
3168,40,88
3169,40,89
3170,40,90
3171,40,91
3172,40,92
3173,40,93
3174,40,94
3175,40,95
3176,40,96
3177,40,97
3178,40,98
3179,40,99
3180,40,100
3181,41,42
3182,41,43
3183,41,44
3184,41,45
3185,41,46
3186,41,47
3187,41,48
3188,41,49
3189,41,50
3190,41,51
3191,41,52
3192,41,53
3193,41,54
3194,41,55
3195,41,56
3196,41,57
3197,41,58
3198,41,59
3199,41,60
3200,41,61
3201,41,62
3202,41,63
3203,41,64
3204,41,65
3205,41,66
3206,41,67
3207,41,68
3208,41,69
3209,41,70
3210,41,71
3211,41,72
3212,41,73
3213,41,74
3214,41,75
3215,41,76
3216,41,77
3217,41,78
3218,41,79
3219,41,80
3220,41,81
3221,41,82
3222,41,83
3223,41,84
3224,41,85
3225,41,86
3226,41,87
3227,41,88
3228,41,89
3229,41,90
3230,41,91
3231,41,92
3232,41,93
3233,41,94
3234,41,95
3235,41,96
3236,41,97
3237,41,98
3238,41,99
3239,41,100
3240,42,43
3241,42,44
3242,42,45
3243,42,46
3244,42,47
3245,42,48
3246,42,49
3247,42,50
3248,42,51
3249,42,52
3250,42,53
3251,42,54
3252,42,55
3253,42,56
3254,42,57
3255,42,58
3256,42,59
3257,42,60
3258,42,61
3259,42,62
3260,42,63
3261,42,64
3262,42,65
3263,42,66
3264,42,67
3265,42,68
3266,42,69
3267,42,70
3268,42,71
3269,42,72
3270,42,73
3271,42,74
3272,42,75
3273,42,76
3274,42,77
3275,42,78
3276,42,79
3277,42,80
3278,42,81
3279,42,82
3280,42,83
3281,42,84
3282,42,85
3283,42,86
3284,42,87
3285,42,88
3286,42,89
3287,42,90
3288,42,91
3289,42,92
3290,42,93
3291,42,94
3292,42,95
3293,42,96
3294,42,97
3295,42,98
3296,42,99
3297,42,100
3298,43,44
3299,43,45
3300,43,46
3301,43,47
3302,43,48
3303,43,49
3304,43,50
3305,43,51
3306,43,52
3307,43,53
3308,43,54
3309,43,55
3310,43,56
3311,43,57
3312,43,58
3313,43,59
3314,43,60
3315,43,61
3316,43,62
3317,43,63
3318,43,64
3319,43,65
3320,43,66
3321,43,67
3322,43,68
3323,43,69
3324,43,70
3325,43,71
3326,43,72
3327,43,73
3328,43,74
3329,43,75
3330,43,76
3331,43,77
3332,43,78
3333,43,79
3334,43,80
3335,43,81
3336,43,82
3337,43,83
3338,43,84
3339,43,85
3340,43,86
3341,43,87
3342,43,88
3343,43,89
3344,43,90
3345,43,91
3346,43,92
3347,43,93
3348,43,94
3349,43,95
3350,43,96
3351,43,97
3352,43,98
3353,43,99
3354,43,100
3355,44,45
3356,44,46
3357,44,47
3358,44,48
3359,44,49
3360,44,50
3361,44,51
3362,44,52
3363,44,53
3364,44,54
3365,44,55
3366,44,56
3367,44,57
3368,44,58
3369,44,59
3370,44,60
3371,44,61
3372,44,62
3373,44,63
3374,44,64
3375,44,65
3376,44,66
3377,44,67
3378,44,68
3379,44,69
3380,44,70
3381,44,71
3382,44,72
3383,44,73
3384,44,74
3385,44,75
3386,44,76
3387,44,77
3388,44,78
3389,44,79
3390,44,80
3391,44,81
3392,44,82
3393,44,83
3394,44,84
3395,44,85
3396,44,86
3397,44,87
3398,44,88
3399,44,89
3400,44,90
3401,44,91
3402,44,92
3403,44,93
3404,44,94
3405,44,95
3406,44,96
3407,44,97
3408,44,98
3409,44,99
3410,44,100
3411,45,46
3412,45,47
3413,45,48
3414,45,49
3415,45,50
3416,45,51
3417,45,52
3418,45,53
3419,45,54
3420,45,55
3421,45,56
3422,45,57
3423,45,58
3424,45,59
3425,45,60
3426,45,61
3427,45,62
3428,45,63
3429,45,64
3430,45,65
3431,45,66
3432,45,67
3433,45,68
3434,45,69
3435,45,70
3436,45,71
3437,45,72
3438,45,73
3439,45,74
3440,45,75
3441,45,76
3442,45,77
3443,45,78
3444,45,79
3445,45,80
3446,45,81
3447,45,82
3448,45,83
3449,45,84
3450,45,85
3451,45,86
3452,45,87
3453,45,88
3454,45,89
3455,45,90
3456,45,91
3457,45,92
3458,45,93
3459,45,94
3460,45,95
3461,45,96
3462,45,97
3463,45,98
3464,45,99
3465,45,100
3466,46,47
3467,46,48
3468,46,49
3469,46,50
3470,46,51
3471,46,52
3472,46,53
3473,46,54
3474,46,55
3475,46,56
3476,46,57
3477,46,58
3478,46,59
3479,46,60
3480,46,61
3481,46,62
3482,46,63
3483,46,64
3484,46,65
3485,46,66
3486,46,67
3487,46,68
3488,46,69
3489,46,70
3490,46,71
3491,46,72
3492,46,73
3493,46,74
3494,46,75
3495,46,76
3496,46,77
3497,46,78
3498,46,79
3499,46,80
3500,46,81
3501,46,82
3502,46,83
3503,46,84
3504,46,85
3505,46,86
3506,46,87
3507,46,88
3508,46,89
3509,46,90
3510,46,91
3511,46,92
3512,46,93
3513,46,94
3514,46,95
3515,46,96
3516,46,97
3517,46,98
3518,46,99
3519,46,100
3520,47,48
3521,47,49
3522,47,50
3523,47,51
3524,47,52
3525,47,53
3526,47,54
3527,47,55
3528,47,56
3529,47,57
3530,47,58
3531,47,59
3532,47,60
3533,47,61
3534,47,62
3535,47,63
3536,47,64
3537,47,65
3538,47,66
3539,47,67
3540,47,68
3541,47,69
3542,47,70
3543,47,71
3544,47,72
3545,47,73
3546,47,74
3547,47,75
3548,47,76
3549,47,77
3550,47,78
3551,47,79
3552,47,80
3553,47,81
3554,47,82
3555,47,83
3556,47,84
3557,47,85
3558,47,86
3559,47,87
3560,47,88
3561,47,89
3562,47,90
3563,47,91
3564,47,92
3565,47,93
3566,47,94
3567,47,95
3568,47,96
3569,47,97
3570,47,98
3571,47,99
3572,47,100
3573,48,49
3574,48,50
3575,48,51
3576,48,52
3577,48,53
3578,48,54
3579,48,55
3580,48,56
3581,48,57
3582,48,58
3583,48,59
3584,48,60
3585,48,61
3586,48,62
3587,48,63
3588,48,64
3589,48,65
3590,48,66
3591,48,67
3592,48,68
3593,48,69
3594,48,70
3595,48,71
3596,48,72
3597,48,73
3598,48,74
3599,48,75
3600,48,76
3601,48,77
3602,48,78
3603,48,79
3604,48,80
3605,48,81
3606,48,82
3607,48,83
3608,48,84
3609,48,85
3610,48,86
3611,48,87
3612,48,88
3613,48,89
3614,48,90
3615,48,91
3616,48,92
3617,48,93
3618,48,94
3619,48,95
3620,48,96
3621,48,97
3622,48,98
3623,48,99
3624,48,100
3625,49,50
3626,49,51
3627,49,52
3628,49,53
3629,49,54
3630,49,55
3631,49,56
3632,49,57
3633,49,58
3634,49,59
3635,49,60
3636,49,61
3637,49,62
3638,49,63
3639,49,64
3640,49,65
3641,49,66
3642,49,67
3643,49,68
3644,49,69
3645,49,70
3646,49,71
3647,49,72
3648,49,73
3649,49,74
3650,49,75
3651,49,76
3652,49,77
3653,49,78
3654,49,79
3655,49,80
3656,49,81
3657,49,82
3658,49,83
3659,49,84
3660,49,85
3661,49,86
3662,49,87
3663,49,88
3664,49,89
3665,49,90
3666,49,91
3667,49,92
3668,49,93
3669,49,94
3670,49,95
3671,49,96
3672,49,97
3673,49,98
3674,49,99
3675,49,100
3676,50,51
3677,50,52
3678,50,53
3679,50,54
3680,50,55
3681,50,56
3682,50,57
3683,50,58
3684,50,59
3685,50,60
3686,50,61
3687,50,62
3688,50,63
3689,50,64
3690,50,65
3691,50,66
3692,50,67
3693,50,68
3694,50,69
3695,50,70
3696,50,71
3697,50,72
3698,50,73
3699,50,74
3700,50,75
3701,50,76
3702,50,77
3703,50,78
3704,50,79
3705,50,80
3706,50,81
3707,50,82
3708,50,83
3709,50,84
3710,50,85
3711,50,86
3712,50,87
3713,50,88
3714,50,89
3715,50,90
3716,50,91
3717,50,92
3718,50,93
3719,50,94
3720,50,95
3721,50,96
3722,50,97
3723,50,98
3724,50,99
3725,50,100
3726,51,52
3727,51,53
3728,51,54
3729,51,55
3730,51,56
3731,51,57
3732,51,58
3733,51,59
3734,51,60
3735,51,61
3736,51,62
3737,51,63
3738,51,64
3739,51,65
3740,51,66
3741,51,67
3742,51,68
3743,51,69
3744,51,70
3745,51,71
3746,51,72
3747,51,73
3748,51,74
3749,51,75
3750,51,76
3751,51,77
3752,51,78
3753,51,79
3754,51,80
3755,51,81
3756,51,82
3757,51,83
3758,51,84
3759,51,85
3760,51,86
3761,51,87
3762,51,88
3763,51,89
3764,51,90
3765,51,91
3766,51,92
3767,51,93
3768,51,94
3769,51,95
3770,51,96
3771,51,97
3772,51,98
3773,51,99
3774,51,100
3775,52,53
3776,52,54
3777,52,55
3778,52,56
3779,52,57
3780,52,58
3781,52,59
3782,52,60
3783,52,61
3784,52,62
3785,52,63
3786,52,64
3787,52,65
3788,52,66
3789,52,67
3790,52,68
3791,52,69
3792,52,70
3793,52,71
3794,52,72
3795,52,73
3796,52,74
3797,52,75
3798,52,76
3799,52,77
3800,52,78
3801,52,79
3802,52,80
3803,52,81
3804,52,82
3805,52,83
3806,52,84
3807,52,85
3808,52,86
3809,52,87
3810,52,88
3811,52,89
3812,52,90
3813,52,91
3814,52,92
3815,52,93
3816,52,94
3817,52,95
3818,52,96
3819,52,97
3820,52,98
3821,52,99
3822,52,100
3823,53,54
3824,53,55
3825,53,56
3826,53,57
3827,53,58
3828,53,59
3829,53,60
3830,53,61
3831,53,62
3832,53,63
3833,53,64
3834,53,65
3835,53,66
3836,53,67
3837,53,68
3838,53,69
3839,53,70
3840,53,71
3841,53,72
3842,53,73
3843,53,74
3844,53,75
3845,53,76
3846,53,77
3847,53,78
3848,53,79
3849,53,80
3850,53,81
3851,53,82
3852,53,83
3853,53,84
3854,53,85
3855,53,86
3856,53,87
3857,53,88
3858,53,89
3859,53,90
3860,53,91
3861,53,92
3862,53,93
3863,53,94
3864,53,95
3865,53,96
3866,53,97
3867,53,98
3868,53,99
3869,53,100
3870,54,55
3871,54,56
3872,54,57
3873,54,58
3874,54,59
3875,54,60
3876,54,61
3877,54,62
3878,54,63
3879,54,64
3880,54,65
3881,54,66
3882,54,67
3883,54,68
3884,54,69
3885,54,70
3886,54,71
3887,54,72
3888,54,73
3889,54,74
3890,54,75
3891,54,76
3892,54,77
3893,54,78
3894,54,79
3895,54,80
3896,54,81
3897,54,82
3898,54,83
3899,54,84
3900,54,85
3901,54,86
3902,54,87
3903,54,88
3904,54,89
3905,54,90
3906,54,91
3907,54,92
3908,54,93
3909,54,94
3910,54,95
3911,54,96
3912,54,97
3913,54,98
3914,54,99
3915,54,100
3916,55,56
3917,55,57
3918,55,58
3919,55,59
3920,55,60
3921,55,61
3922,55,62
3923,55,63
3924,55,64
3925,55,65
3926,55,66
3927,55,67
3928,55,68
3929,55,69
3930,55,70
3931,55,71
3932,55,72
3933,55,73
3934,55,74
3935,55,75
3936,55,76
3937,55,77
3938,55,78
3939,55,79
3940,55,80
3941,55,81
3942,55,82
3943,55,83
3944,55,84
3945,55,85
3946,55,86
3947,55,87
3948,55,88
3949,55,89
3950,55,90
3951,55,91
3952,55,92
3953,55,93
3954,55,94
3955,55,95
3956,55,96
3957,55,97
3958,55,98
3959,55,99
3960,55,100
3961,56,57
3962,56,58
3963,56,59
3964,56,60
3965,56,61
3966,56,62
3967,56,63
3968,56,64
3969,56,65
3970,56,66
3971,56,67
3972,56,68
3973,56,69
3974,56,70
3975,56,71
3976,56,72
3977,56,73
3978,56,74
3979,56,75
3980,56,76
3981,56,77
3982,56,78
3983,56,79
3984,56,80
3985,56,81
3986,56,82
3987,56,83
3988,56,84
3989,56,85
3990,56,86
3991,56,87
3992,56,88
3993,56,89
3994,56,90
3995,56,91
3996,56,92
3997,56,93
3998,56,94
3999,56,95
4000,56,96
4001,56,97
4002,56,98
4003,56,99
4004,56,100
4005,57,58
4006,57,59
4007,57,60
4008,57,61
4009,57,62
4010,57,63
4011,57,64
4012,57,65
4013,57,66
4014,57,67
4015,57,68
4016,57,69
4017,57,70
4018,57,71
4019,57,72
4020,57,73
4021,57,74
4022,57,75
4023,57,76
4024,57,77
4025,57,78
4026,57,79
4027,57,80
4028,57,81
4029,57,82
4030,57,83
4031,57,84
4032,57,85
4033,57,86
4034,57,87
4035,57,88
4036,57,89
4037,57,90
4038,57,91
4039,57,92
4040,57,93
4041,57,94
4042,57,95
4043,57,96
4044,57,97
4045,57,98
4046,57,99
4047,57,100
4048,58,59
4049,58,60
4050,58,61
4051,58,62
4052,58,63
4053,58,64
4054,58,65
4055,58,66
4056,58,67
4057,58,68
4058,58,69
4059,58,70
4060,58,71
4061,58,72
4062,58,73
4063,58,74
4064,58,75
4065,58,76
4066,58,77
4067,58,78
4068,58,79
4069,58,80
4070,58,81
4071,58,82
4072,58,83
4073,58,84
4074,58,85
4075,58,86
4076,58,87
4077,58,88
4078,58,89
4079,58,90
4080,58,91
4081,58,92
4082,58,93
4083,58,94
4084,58,95
4085,58,96
4086,58,97
4087,58,98
4088,58,99
4089,58,100
4090,59,60
4091,59,61
4092,59,62
4093,59,63
4094,59,64
4095,59,65
4096,59,66
4097,59,67
4098,59,68
4099,59,69
4100,59,70
4101,59,71
4102,59,72
4103,59,73
4104,59,74
4105,59,75
4106,59,76
4107,59,77
4108,59,78
4109,59,79
4110,59,80
4111,59,81
4112,59,82
4113,59,83
4114,59,84
4115,59,85
4116,59,86
4117,59,87
4118,59,88
4119,59,89
4120,59,90
4121,59,91
4122,59,92
4123,59,93
4124,59,94
4125,59,95
4126,59,96
4127,59,97
4128,59,98
4129,59,99
4130,59,100
4131,60,61
4132,60,62
4133,60,63
4134,60,64
4135,60,65
4136,60,66
4137,60,67
4138,60,68
4139,60,69
4140,60,70
4141,60,71
4142,60,72
4143,60,73
4144,60,74
4145,60,75
4146,60,76
4147,60,77
4148,60,78
4149,60,79
4150,60,80
4151,60,81
4152,60,82
4153,60,83
4154,60,84
4155,60,85
4156,60,86
4157,60,87
4158,60,88
4159,60,89
4160,60,90
4161,60,91
4162,60,92
4163,60,93
4164,60,94
4165,60,95
4166,60,96
4167,60,97
4168,60,98
4169,60,99
4170,60,100
4171,61,62
4172,61,63
4173,61,64
4174,61,65
4175,61,66
4176,61,67
4177,61,68
4178,61,69
4179,61,70
4180,61,71
4181,61,72
4182,61,73
4183,61,74
4184,61,75
4185,61,76
4186,61,77
4187,61,78
4188,61,79
4189,61,80
4190,61,81
4191,61,82
4192,61,83
4193,61,84
4194,61,85
4195,61,86
4196,61,87
4197,61,88
4198,61,89
4199,61,90
4200,61,91
4201,61,92
4202,61,93
4203,61,94
4204,61,95
4205,61,96
4206,61,97
4207,61,98
4208,61,99
4209,61,100
4210,62,63
4211,62,64
4212,62,65
4213,62,66
4214,62,67
4215,62,68
4216,62,69
4217,62,70
4218,62,71
4219,62,72
4220,62,73
4221,62,74
4222,62,75
4223,62,76
4224,62,77
4225,62,78
4226,62,79
4227,62,80
4228,62,81
4229,62,82
4230,62,83
4231,62,84
4232,62,85
4233,62,86
4234,62,87
4235,62,88
4236,62,89
4237,62,90
4238,62,91
4239,62,92
4240,62,93
4241,62,94
4242,62,95
4243,62,96
4244,62,97
4245,62,98
4246,62,99
4247,62,100
4248,63,64
4249,63,65
4250,63,66
4251,63,67
4252,63,68
4253,63,69
4254,63,70
4255,63,71
4256,63,72
4257,63,73
4258,63,74
4259,63,75
4260,63,76
4261,63,77
4262,63,78
4263,63,79
4264,63,80
4265,63,81
4266,63,82
4267,63,83
4268,63,84
4269,63,85
4270,63,86
4271,63,87
4272,63,88
4273,63,89
4274,63,90
4275,63,91
4276,63,92
4277,63,93
4278,63,94
4279,63,95
4280,63,96
4281,63,97
4282,63,98
4283,63,99
4284,63,100
4285,64,65
4286,64,66
4287,64,67
4288,64,68
4289,64,69
4290,64,70
4291,64,71
4292,64,72
4293,64,73
4294,64,74
4295,64,75
4296,64,76
4297,64,77
4298,64,78
4299,64,79
4300,64,80
4301,64,81
4302,64,82
4303,64,83
4304,64,84
4305,64,85
4306,64,86
4307,64,87
4308,64,88
4309,64,89
4310,64,90
4311,64,91
4312,64,92
4313,64,93
4314,64,94
4315,64,95
4316,64,96
4317,64,97
4318,64,98
4319,64,99
4320,64,100
4321,65,66
4322,65,67
4323,65,68
4324,65,69
4325,65,70
4326,65,71
4327,65,72
4328,65,73
4329,65,74
4330,65,75
4331,65,76
4332,65,77
4333,65,78
4334,65,79
4335,65,80
4336,65,81
4337,65,82
4338,65,83
4339,65,84
4340,65,85
4341,65,86
4342,65,87
4343,65,88
4344,65,89
4345,65,90
4346,65,91
4347,65,92
4348,65,93
4349,65,94
4350,65,95
4351,65,96
4352,65,97
4353,65,98
4354,65,99
4355,65,100
4356,66,67
4357,66,68
4358,66,69
4359,66,70
4360,66,71
4361,66,72
4362,66,73
4363,66,74
4364,66,75
4365,66,76
4366,66,77
4367,66,78
4368,66,79
4369,66,80
4370,66,81
4371,66,82
4372,66,83
4373,66,84
4374,66,85
4375,66,86
4376,66,87
4377,66,88
4378,66,89
4379,66,90
4380,66,91
4381,66,92
4382,66,93
4383,66,94
4384,66,95
4385,66,96
4386,66,97
4387,66,98
4388,66,99
4389,66,100
4390,67,68
4391,67,69
4392,67,70
4393,67,71
4394,67,72
4395,67,73
4396,67,74
4397,67,75
4398,67,76
4399,67,77
4400,67,78
4401,67,79
4402,67,80
4403,67,81
4404,67,82
4405,67,83
4406,67,84
4407,67,85
4408,67,86
4409,67,87
4410,67,88
4411,67,89
4412,67,90
4413,67,91
4414,67,92
4415,67,93
4416,67,94
4417,67,95
4418,67,96
4419,67,97
4420,67,98
4421,67,99
4422,67,100
4423,68,69
4424,68,70
4425,68,71
4426,68,72
4427,68,73
4428,68,74
4429,68,75
4430,68,76
4431,68,77
4432,68,78
4433,68,79
4434,68,80
4435,68,81
4436,68,82
4437,68,83
4438,68,84
4439,68,85
4440,68,86
4441,68,87
4442,68,88
4443,68,89
4444,68,90
4445,68,91
4446,68,92
4447,68,93
4448,68,94
4449,68,95
4450,68,96
4451,68,97
4452,68,98
4453,68,99
4454,68,100
4455,69,70
4456,69,71
4457,69,72
4458,69,73
4459,69,74
4460,69,75
4461,69,76
4462,69,77
4463,69,78
4464,69,79
4465,69,80
4466,69,81
4467,69,82
4468,69,83
4469,69,84
4470,69,85
4471,69,86
4472,69,87
4473,69,88
4474,69,89
4475,69,90
4476,69,91
4477,69,92
4478,69,93
4479,69,94
4480,69,95
4481,69,96
4482,69,97
4483,69,98
4484,69,99
4485,69,100
4486,70,71
4487,70,72
4488,70,73
4489,70,74
4490,70,75
4491,70,76
4492,70,77
4493,70,78
4494,70,79
4495,70,80
4496,70,81
4497,70,82
4498,70,83
4499,70,84
4500,70,85
4501,70,86
4502,70,87
4503,70,88
4504,70,89
4505,70,90
4506,70,91
4507,70,92
4508,70,93
4509,70,94
4510,70,95
4511,70,96
4512,70,97
4513,70,98
4514,70,99
4515,70,100
4516,71,72
4517,71,73
4518,71,74
4519,71,75
4520,71,76
4521,71,77
4522,71,78
4523,71,79
4524,71,80
4525,71,81
4526,71,82
4527,71,83
4528,71,84
4529,71,85
4530,71,86
4531,71,87
4532,71,88
4533,71,89
4534,71,90
4535,71,91
4536,71,92
4537,71,93
4538,71,94
4539,71,95
4540,71,96
4541,71,97
4542,71,98
4543,71,99
4544,71,100
4545,72,73
4546,72,74
4547,72,75
4548,72,76
4549,72,77
4550,72,78
4551,72,79
4552,72,80
4553,72,81
4554,72,82
4555,72,83
4556,72,84
4557,72,85
4558,72,86
4559,72,87
4560,72,88
4561,72,89
4562,72,90
4563,72,91
4564,72,92
4565,72,93
4566,72,94
4567,72,95
4568,72,96
4569,72,97
4570,72,98
4571,72,99
4572,72,100
4573,73,74
4574,73,75
4575,73,76
4576,73,77
4577,73,78
4578,73,79
4579,73,80
4580,73,81
4581,73,82
4582,73,83
4583,73,84
4584,73,85
4585,73,86
4586,73,87
4587,73,88
4588,73,89
4589,73,90
4590,73,91
4591,73,92
4592,73,93
4593,73,94
4594,73,95
4595,73,96
4596,73,97
4597,73,98
4598,73,99
4599,73,100
4600,74,75
4601,74,76
4602,74,77
4603,74,78
4604,74,79
4605,74,80
4606,74,81
4607,74,82
4608,74,83
4609,74,84
4610,74,85
4611,74,86
4612,74,87
4613,74,88
4614,74,89
4615,74,90
4616,74,91
4617,74,92
4618,74,93
4619,74,94
4620,74,95
4621,74,96
4622,74,97
4623,74,98
4624,74,99
4625,74,100
4626,75,76
4627,75,77
4628,75,78
4629,75,79
4630,75,80
4631,75,81
4632,75,82
4633,75,83
4634,75,84
4635,75,85
4636,75,86
4637,75,87
4638,75,88
4639,75,89
4640,75,90
4641,75,91
4642,75,92
4643,75,93
4644,75,94
4645,75,95
4646,75,96
4647,75,97
4648,75,98
4649,75,99
4650,75,100
4651,76,77
4652,76,78
4653,76,79
4654,76,80
4655,76,81
4656,76,82
4657,76,83
4658,76,84
4659,76,85
4660,76,86
4661,76,87
4662,76,88
4663,76,89
4664,76,90
4665,76,91
4666,76,92
4667,76,93
4668,76,94
4669,76,95
4670,76,96
4671,76,97
4672,76,98
4673,76,99
4674,76,100
4675,77,78
4676,77,79
4677,77,80
4678,77,81
4679,77,82
4680,77,83
4681,77,84
4682,77,85
4683,77,86
4684,77,87
4685,77,88
4686,77,89
4687,77,90
4688,77,91
4689,77,92
4690,77,93
4691,77,94
4692,77,95
4693,77,96
4694,77,97
4695,77,98
4696,77,99
4697,77,100
4698,78,79
4699,78,80
4700,78,81
4701,78,82
4702,78,83
4703,78,84
4704,78,85
4705,78,86
4706,78,87
4707,78,88
4708,78,89
4709,78,90
4710,78,91
4711,78,92
4712,78,93
4713,78,94
4714,78,95
4715,78,96
4716,78,97
4717,78,98
4718,78,99
4719,78,100
4720,79,80
4721,79,81
4722,79,82
4723,79,83
4724,79,84
4725,79,85
4726,79,86
4727,79,87
4728,79,88
4729,79,89
4730,79,90
4731,79,91
4732,79,92
4733,79,93
4734,79,94
4735,79,95
4736,79,96
4737,79,97
4738,79,98
4739,79,99
4740,79,100
4741,80,81
4742,80,82
4743,80,83
4744,80,84
4745,80,85
4746,80,86
4747,80,87
4748,80,88
4749,80,89
4750,80,90
4751,80,91
4752,80,92
4753,80,93
4754,80,94
4755,80,95
4756,80,96
4757,80,97
4758,80,98
4759,80,99
4760,80,100
4761,81,82
4762,81,83
4763,81,84
4764,81,85
4765,81,86
4766,81,87
4767,81,88
4768,81,89
4769,81,90
4770,81,91
4771,81,92
4772,81,93
4773,81,94
4774,81,95
4775,81,96
4776,81,97
4777,81,98
4778,81,99
4779,81,100
4780,82,83
4781,82,84
4782,82,85
4783,82,86
4784,82,87
4785,82,88
4786,82,89
4787,82,90
4788,82,91
4789,82,92
4790,82,93
4791,82,94
4792,82,95
4793,82,96
4794,82,97
4795,82,98
4796,82,99
4797,82,100
4798,83,84
4799,83,85
4800,83,86
4801,83,87
4802,83,88
4803,83,89
4804,83,90
4805,83,91
4806,83,92
4807,83,93
4808,83,94
4809,83,95
4810,83,96
4811,83,97
4812,83,98
4813,83,99
4814,83,100
4815,84,85
4816,84,86
4817,84,87
4818,84,88
4819,84,89
4820,84,90
4821,84,91
4822,84,92
4823,84,93
4824,84,94
4825,84,95
4826,84,96
4827,84,97
4828,84,98
4829,84,99
4830,84,100
4831,85,86
4832,85,87
4833,85,88
4834,85,89
4835,85,90
4836,85,91
4837,85,92
4838,85,93
4839,85,94
4840,85,95
4841,85,96
4842,85,97
4843,85,98
4844,85,99
4845,85,100
4846,86,87
4847,86,88
4848,86,89
4849,86,90
4850,86,91
4851,86,92
4852,86,93
4853,86,94
4854,86,95
4855,86,96
4856,86,97
4857,86,98
4858,86,99
4859,86,100
4860,87,88
4861,87,89
4862,87,90
4863,87,91
4864,87,92
4865,87,93
4866,87,94
4867,87,95
4868,87,96
4869,87,97
4870,87,98
4871,87,99
4872,87,100
4873,88,89
4874,88,90
4875,88,91
4876,88,92
4877,88,93
4878,88,94
4879,88,95
4880,88,96
4881,88,97
4882,88,98
4883,88,99
4884,88,100
4885,89,90
4886,89,91
4887,89,92
4888,89,93
4889,89,94
4890,89,95
4891,89,96
4892,89,97
4893,89,98
4894,89,99
4895,89,100
4896,90,91
4897,90,92
4898,90,93
4899,90,94
4900,90,95
4901,90,96
4902,90,97
4903,90,98
4904,90,99
4905,90,100
4906,91,92
4907,91,93
4908,91,94
4909,91,95
4910,91,96
4911,91,97
4912,91,98
4913,91,99
4914,91,100
4915,92,93
4916,92,94
4917,92,95
4918,92,96
4919,92,97
4920,92,98
4921,92,99
4922,92,100
4923,93,94
4924,93,95
4925,93,96
4926,93,97
4927,93,98
4928,93,99
4929,93,100
4930,94,95
4931,94,96
4932,94,97
4933,94,98
4934,94,99
4935,94,100
4936,95,96
4937,95,97
4938,95,98
4939,95,99
4940,95,100
4941,96,97
4942,96,98
4943,96,99
4944,96,100
4945,97,98
4946,97,99
4947,97,100
4948,98,99
4949,98,100
4950,99,100